[
  {
    "name": "Henna By Nisha Soni",
    "contact_details": {
      "phone": "(408) 641-7148",
      "location": "San Jose, CA",
      "specialty": "Bridal and Party Mehndi"
    }
  },
  {
    "name": "Henna By Tisha",
    "contact_details": {
      "phone": "(510) 909-9889",
      "location": "California, USA"
    }
  },
  {
    "name": "Henna By Vivi",
    "contact_details": {
      "phone": "(510) 508-4481",
      "location": "Hayward, CA",
      "specialty": "Custom Henna Art"
    }
  },
  {
    "name": "Henna Caravan",
    "contact_details": {
      "phone": "(805) 420-7469",
      "website": "https://hennacaravan.com/",
      "location": "Camarillo / Serving California"
    }
  },
  {
    "name": "Henna Creation",
    "contact_details": {
      "phone": "(510) 364-8171",
      "location": "35411 Monterra Circle, Union City, CA"
    }
  },
  {
    "name": "Henna Drawing By Rupinder Kaur",
    "contact_details": {
      "phone": "(707) 364-8171",
      "location": "Rohnert Park, CA"
    }
  },
  {
    "name": "Henna Dreams",
    "contact_details": {
      "phone": "(415) 300-5058",
      "location": "San Anselmo, CA"
    }
  },
  {
    "name": "Henna Dreams by Simran",
    "contact_details": {
      "phone": "(408) 320-1378",
      "location": "Sunnyvale, CA"
    }
  },
  {
    "name": "Henna Glamour By Rizwana",
    "contact_details": {
      "phone": "(408) 517-4686",
      "location": "Sunnyvale, CA"
    }
  },
  {
    "name": "Henna In Bay Area",
    "contact_details": {
      "phone": "(650) 300-5058",
      "location": "3375 Alma St, Palo Alto, CA"
    }
  },
  {
    "name": "Henna In SF",
    "contact_details": {
      "phone": "(415) 305-6577",
      "location": "San Francisco, CA"
    }
  },
  {
    "name": "Henna Ramanpreet Pooni",
    "contact_details": {
      "phone": "(559) 470-3882",
      "location": "Fresno, CA"
    }
  },
  {
    "name": "Henna Style By Arati",
    "contact_details": {
      "phone": "(510) 508-4481",
      "location": "Fremont, CA"
    }
  },
  {
    "name": "Henna Threading Salon",
    "contact_details": {
      "phone": "(408) 263-1250",
      "location": "626 S Main St, Milpitas, CA 95035"
    }
  },
  {
    "name": "Henna Traditions",
    "contact_details": {
      "phone": "(510) 364-8171",
      "location": "Fremont, CA"
    }
  },
  {
    "name": "HennaSpot",
    "contact_details": {
      "phone": "(510) 909-9889",
      "location": "Fremont, CA"
    }
  },
  {
    "name": "Hennavi By Navi Jha",
    "contact_details": {
      "phone": "(559) 903-3675",
      "location": "Fresno, CA"
    }
  },
  {
    "name": "Hershey K Photography",
    "contact_details": {
      "phone": "(916) 246-0558",
      "website": "https://hersheykphotography.com/",
      "location": "Sacramento, CA"
    }
  },
  {
    "name": "High Dynamic Photography And Films",
    "contact_details": {
      "phone": "(916) 932-9019",
      "location": "Sacramento Area, CA"
    }
  }
]