[
  {
    "name": "Dj Karan Entertainment",
    "contact_details": {
      "phone": "(732) 310-4493",
      "website": "http://www.djkaran.com/",
      "location": "Piscataway Township, NJ"
    }
  },
  {
    "name": "Dj Michael Wayne",
    "contact_details": {
      "phone": "(559) 584-1122",
      "location": "Hanford, CA"
    }
  },
  {
    "name": "Dj Nikhill Official",
    "contact_details": {
      "phone": "(209) 668-6623",
      "location": "Stockton, CA"
    }
  },
  {
    "name": "Dj Raw",
    "contact_details": {
      "phone": "(209) 932-9019",
      "location": "Stockton, CA"
    }
  },
  {
    "name": "Dj Sickest",
    "contact_details": {
      "phone": "(559) 470-3882",
      "location": "Fresno, CA"
    }
  },
  {
    "name": "Domali & Co Events",
    "contact_details": {
      "phone": "(408) 320-1378",
      "website": "https://domaliandco.com/",
      "location": "Bay Area, CA"
    }
  },
  {
    "name": "Donna Brammer Photography",
    "contact_details": {
      "phone": "(510) 508-4481",
      "location": "Bay Area, CA"
    }
  },
  {
    "name": "Downey Street Events",
    "contact_details": {
      "phone": "(415) 305-6577",
      "website": "https://downeystreetevents.com/",
      "location": "San Francisco / Bay Area, CA"
    }
  },
  {
    "name": "Dream Catcher Cinema",
    "contact_details": {
      "phone": "(408) 641-7148",
      "website": "http://dreamcatchercinema.com/",
      "location": "Bay Area, CA"
    }
  },
  {
    "name": "Dream Dance Choreography",
    "contact_details": {
      "phone": "(408) 203-4903",
      "location": "Cupertino, CA"
    }
  },
  {
    "name": "Dream Snaps",
    "contact_details": {
      "phone": "(408) 823-3888",
      "location": "San Jose, CA"
    }
  },
  {
    "name": "Dua Decor",
    "contact_details": {
      "phone": "(510) 364-8171",
      "location": "Fremont, CA"
    }
  },
  {
    "name": "Duval Pictures",
    "contact_details": {
      "phone": "(415) 601-5182",
      "website": "http://duvalpictures.com/",
      "location": "117 Alton Ave, San Francisco, CA"
    }
  },
  {
    "name": "Duy Ho Photography",
    "contact_details": {
      "phone": "(415) 300-5058",
      "website": "https://duyho.com/",
      "location": "San Francisco, CA"
    }
  },
  {
    "name": "ECG Studios",
    "contact_details": {
      "phone": "(415) 305-6577",
      "website": "https://www.ecgstudios.com/",
      "location": "San Francisco, CA"
    }
  },
  {
    "name": "EZ Threads & Wax",
    "contact_details": {
      "phone": "(415) 921-2323",
      "location": "211 Sutter St ste 703, San Francisco, CA"
    }
  },
  {
    "name": "Elegance Designs",
    "contact_details": {
      "phone": "(408) 736-2300",
      "location": "Sunnyvale, CA"
    }
  },
  {
    "name": "Elegant Events & Decor",
    "contact_details": {
      "phone": "(510) 932-9019",
      "location": "Oakland, CA"
    }
  }
]